{
  "project_info": {
    "project_number": "883698223587",
    "firebase_url": "https://crypto-dc881.firebaseio.com",
    "project_id": "crypto-dc881",
    "storage_bucket": "crypto-dc881.appspot.com"
  },
  "client": [
    {
      "client_info": {
        "mobilesdk_app_id": "1:883698223587:android:180df4f8fb82f142",
        "android_client_info": {
          "package_name": "com.sow.astan"
        }
      },
      "oauth_client": [
        {
          "client_id": "883698223587-l8qk5fnkc78b72i5nackgft91cv3pvfd.apps.googleusercontent.com",
          "client_type": 1,
          "android_info": {
            "package_name": "com.sow.astan",
            "certificate_hash": "caf9cfd503b760ce90a6cd558564af051c2fb5ab"
          }
        },
        {
          "client_id": "883698223587-pqln9aoifj7anp3knicjkl632u260obh.apps.googleusercontent.com",
          "client_type": 3
        }
      ],
      "api_key": [
        {
          "current_key": "AIzaSyCgvLwCmKs69XYYiBfQE4EyUvOW8trokPg"
        }
      ],
      "services": {
        "appinvite_service": {
          "other_platform_oauth_client": [
            {
              "client_id": "883698223587-pqln9aoifj7anp3knicjkl632u260obh.apps.googleusercontent.com",
              "client_type": 3
            }
          ]
        }
      }
    },
    {
      "client_info": {
        "mobilesdk_app_id": "1:883698223587:android:83993ef9cd61dcfa",
        "android_client_info": {
          "package_name": "shopping.eg.myapplication"
        }
      },
      "oauth_client": [
        {
          "client_id": "883698223587-cksoa59jbloki7j2dslgnsa3ko8g260q.apps.googleusercontent.com",
          "client_type": 1,
          "android_info": {
            "package_name": "shopping.eg.myapplication",
            "certificate_hash": "caf9cfd503b760ce90a6cd558564af051c2fb5ab"
          }
        },
        {
          "client_id": "883698223587-7fvg5df71163dqpvdc5gms9pkfvcfl68.apps.googleusercontent.com",
          "client_type": 1,
          "android_info": {
            "package_name": "shopping.eg.myapplication",
            "certificate_hash": "612f130ea393efd6a4ef82e850924c17f724ac3d"
          }
        },
        {
          "client_id": "883698223587-pqln9aoifj7anp3knicjkl632u260obh.apps.googleusercontent.com",
          "client_type": 3
        }
      ],
      "api_key": [
        {
          "current_key": "AIzaSyCgvLwCmKs69XYYiBfQE4EyUvOW8trokPg"
        }
      ],
      "services": {
        "appinvite_service": {
          "other_platform_oauth_client": [
            {
              "client_id": "883698223587-pqln9aoifj7anp3knicjkl632u260obh.apps.googleusercontent.com",
              "client_type": 3
            }
          ]
        }
      }
    }
  ],
  "configuration_version": "1"
}